-- phpMyAdmin SQL Dump
-- version 5.2.1
-- https://www.phpmyadmin.net/
--
-- Gép: 127.0.0.1
-- Létrehozás ideje: 2025. Nov 12. 18:24
-- Kiszolgáló verziója: 10.4.32-MariaDB
-- PHP verzió: 8.0.30

SET SQL_MODE = "NO_AUTO_VALUE_ON_ZERO";
START TRANSACTION;
SET time_zone = "+00:00";


/*!40101 SET @OLD_CHARACTER_SET_CLIENT=@@CHARACTER_SET_CLIENT */;
/*!40101 SET @OLD_CHARACTER_SET_RESULTS=@@CHARACTER_SET_RESULTS */;
/*!40101 SET @OLD_COLLATION_CONNECTION=@@COLLATION_CONNECTION */;
/*!40101 SET NAMES utf8mb4 */;

--
-- Adatbázis: `laravellectureproject`
--

-- --------------------------------------------------------

--
-- Tábla szerkezet ehhez a táblához `counties`
--

CREATE TABLE `counties` (
  `name` varchar(255) NOT NULL,
  `region` varchar(255) NOT NULL,
  `created_at` timestamp NULL DEFAULT NULL,
  `updated_at` timestamp NULL DEFAULT NULL
) ENGINE=InnoDB DEFAULT CHARSET=utf8mb4 COLLATE=utf8mb4_unicode_ci;

--
-- A tábla adatainak kiíratása `counties`
--

INSERT INTO `counties` (`name`, `region`, `created_at`, `updated_at`) VALUES
('Bács-Kiskun', 'Dél-Alföld', NULL, NULL),
('Baranya', 'Dél-Dunántúl', NULL, NULL),
('Békés', 'Dél-Alföld', NULL, NULL),
('Borsod-Abaúj-Zemplén', 'Észak-Magyarország', NULL, NULL),
('Budapest', 'Közép-Magyarország', NULL, NULL),
('Csongrád', 'Dél-Alföld', NULL, NULL),
('Fejér', 'Közép-Dunántúl', NULL, NULL),
('Győr-Moson-Sopron', 'Nyugat-Dunántúl', NULL, NULL),
('Hajdú-Bihar', 'Észak-Alföld', NULL, NULL),
('Heves', 'Észak-Magyarország', NULL, NULL),
('Jász-Nagykun-Szolnok', 'Észak-Alföld', NULL, NULL),
('Komárom-Esztergom', 'Közép-Dunántúl', NULL, NULL),
('Nógrád', 'Észak-Magyarország', NULL, NULL),
('Pest', 'Közép-Magyarország', NULL, NULL),
('Somogy', 'Dél-Dunántúl', NULL, NULL),
('Szabolcs-Szatmár-Bereg', 'Észak-Alföld', NULL, NULL),
('Tolna', 'Dél-Dunántúl', NULL, NULL),
('Vas', 'Nyugat-Dunántúl', NULL, NULL),
('Veszprém', 'Közép-Dunántúl', NULL, NULL),
('Zala', 'Nyugat-Dunántúl', NULL, NULL);

-- --------------------------------------------------------

-- --------------------------------------------------------

--
-- Tábla szerkezet ehhez a táblához `messages`
--

CREATE TABLE `messages` (
  `id` bigint(20) UNSIGNED NOT NULL,
  `user_id` bigint(20) UNSIGNED DEFAULT NULL,
  `name` varchar(255) NOT NULL,
  `email` varchar(255) NOT NULL,
  `subject` varchar(255) NOT NULL,
  `body` text NOT NULL,
  `created_at` timestamp NULL DEFAULT NULL,
  `updated_at` timestamp NULL DEFAULT NULL
) ENGINE=InnoDB DEFAULT CHARSET=utf8mb4 COLLATE=utf8mb4_unicode_ci;

-- --------------------------------------------------------
-- --------------------------------------------------------

--
-- Tábla szerkezet ehhez a táblához `personal_access_tokens`
--
-- --------------------------------------------------------

--
-- Tábla szerkezet ehhez a táblához `radios`
--

CREATE TABLE `radios` (
  `id` bigint(20) UNSIGNED NOT NULL,
  `town_name` varchar(191) NOT NULL,
  `frequency` double(8,2) NOT NULL,
  `power` double(8,2) DEFAULT NULL,
  `name` varchar(255) NOT NULL,
  `address` varchar(255) DEFAULT NULL,
  `created_at` timestamp NULL DEFAULT NULL,
  `updated_at` timestamp NULL DEFAULT NULL
) ENGINE=InnoDB DEFAULT CHARSET=utf8mb4 COLLATE=utf8mb4_unicode_ci;

--
-- A tábla adatainak kiíratása `radios`
--

INSERT INTO `radios` (`id`, `town_name`, `frequency`, `power`, `name`, `address`, `created_at`, `updated_at`) VALUES
(1, 'Győr', 87.60, 7.60, 'Neo FM', 'Szabadhegy ', NULL, NULL),
(2, 'Csongrád', 87.60, 0.50, 'Gong Rádió', '', NULL, NULL),
(3, 'Budapest', 87.60, 0.00, 'Kontakt Rádió', 'Terézváros ', NULL, NULL),
(4, 'Halásztelek', 87.80, 0.00, 'ZsebRádió', '', NULL, NULL),
(5, 'Pécs', 87.80, 0.00, 'Remete Rádió', 'Istenkút ', NULL, NULL),
(6, 'Pécs', 87.80, 0.00, 'Origóház Rádió', 'Mecsekszabolcs ', NULL, NULL),
(7, 'Székesfehérvár', 87.80, 0.00, 'Rádió Sansz - A lehetőség!', '', NULL, NULL),
(8, 'Hatvan', 87.90, 0.20, 'Dió Rádió', '', NULL, NULL),
(9, 'Sárbogárd', 87.90, 0.16, 'Rádió 1', '', NULL, NULL),
(10, 'Marcali', 88.00, 0.12, 'N-Joy 88.0', '', NULL, NULL),
(11, 'Debrecen', 88.00, 0.00, 'Méliusz Rádió', '', NULL, NULL),
(12, 'Berettyóújfalu', 88.00, 0.01, 'Berettyó Night', '', NULL, NULL),
(13, 'Balkány', 88.00, 0.00, 'Alfa Rádió', '', NULL, NULL),
(14, 'Karcag', 88.00, 0.00, 'Karcag FM', '', NULL, NULL),
(15, 'Budapest', 88.10, 1.00, 'Rise FM', 'Gellért-hegy ', NULL, NULL),
(16, 'Győr', 88.10, 0.00, ' ', '', NULL, NULL),
(17, 'Kiskunmajsa', 88.20, 0.20, 'Mária Rádió', '', NULL, NULL),
(18, 'Balatonföldvár', 88.20, 0.05, 'Pelso Rádió', '', NULL, NULL),
(19, 'Tokaj', 88.30, 5.00, 'MR1-Kossuth Rádió', 'Nagy-kopasz ', NULL, NULL),
(20, 'Komárom', 88.30, 1.00, 'Mária Rádió', '', NULL, NULL),
(21, 'Mezőkovácsháza', 88.30, 0.10, 'Juventus Rádió', '', NULL, NULL),
(22, 'Csengőd', 88.40, 2.00, 'Neo FM', 'Kiskőrös ', NULL, NULL),
(23, 'Szombathely', 88.40, 0.30, 'Nyugat Rádió', '', NULL, NULL),
(24, 'Orosháza', 88.60, 0.10, 'Juventus Rádió', '', NULL, NULL),
(25, 'Siklós', 88.60, 0.30, 'Tenkes Rádió', '', NULL, NULL),
(26, 'Tiszafüred', 88.70, 0.30, 'Parti Rádió', '', NULL, NULL),
(27, 'Baja', 88.70, 0.24, 'Gong Rádió Baja', '', NULL, NULL),
(28, 'Őriszentpéter', 88.70, 0.00, 'Triangulum Rádió', '', NULL, NULL),
(29, 'Zámoly', 88.70, 0.00, 'Vértes Rádió', '', NULL, NULL),
(30, 'Budapest', 88.80, 0.10, 'Rádió C', 'Széchenyi-hegy ', NULL, NULL),
(31, 'Ajka', 88.80, 0.10, 'Klubrádió', '', NULL, NULL),
(32, 'Kazincbarcika', 88.80, 0.50, 'Rádió TOP', '', NULL, NULL),
(33, 'Békéscsaba', 88.90, 0.30, 'Rádió 1 Start', '', NULL, NULL),
(34, 'Gyöngyös', 88.90, 0.20, 'Klubrádió Gyöngyös', 'Sár-hegy ', NULL, NULL),
(35, 'Zalaegerszeg', 88.90, 0.10, 'N-Joy 88.9', '', NULL, NULL),
(36, 'Székesfehérvár', 88.90, 0.00, 'Muzik Rádió', '', NULL, NULL),
(37, 'Debrecen', 89.00, 1.00, 'MR2-Petőfi Rádió', 'Pallag ', NULL, NULL),
(38, 'Mór', 89.00, 0.10, 'Ezerjó Rádió', '', NULL, NULL),
(39, 'Abádszalók', 89.20, 0.05, 'Parti Rádió', '', NULL, NULL),
(40, 'Csávoly', 89.40, 6.30, 'MR2-Petőfi Rádió', '', NULL, NULL),
(41, 'Budapest', 89.50, 83.00, 'Juventus Rádió', 'Széchenyi-hegy ', NULL, NULL),
(42, 'Barcs', 89.50, 0.05, 'MR1-Kossuth Rádió', '', NULL, NULL),
(43, 'Tiszaújváros', 89.60, 0.20, 'Rádió 35', '', NULL, NULL),
(44, 'Nyíregyháza', 89.60, 0.00, 'Mustár Rádió', '', NULL, NULL),
(45, 'Baja', 89.80, 0.10, 'Bajai Rádió', '', NULL, NULL),
(46, 'Sárospatak', 89.80, 0.20, 'Rádió Express 89.8', '', NULL, NULL),
(47, 'Komádi', 89.90, 5.00, 'MR1-Kossuth Rádió', '', NULL, NULL),
(48, 'Salgótarján', 89.90, 0.05, 'MR1-Kossuth Rádió', '', NULL, NULL),
(49, 'Kunszentmiklós', 89.90, 0.00, 'Puszta Rádió', '', NULL, NULL),
(50, 'Mártély', 89.90, 0.00, 'Szóbeszéd Rádió Mártély', '', NULL, NULL),
(51, 'Rákóczifalva', 89.90, 0.00, 'Rákóczi Hírmondó', '', NULL, NULL),
(52, 'Szeged', 89.90, 0.00, 'Itt mi vagyunk! Rádió Mi', '', NULL, NULL),
(53, 'Mezőtúr', 89.90, 0.00, 'Pont Rádió', '', NULL, NULL),
(54, 'Tótkomlós', 89.90, 0.00, 'Rádió Weekend', '', NULL, NULL),
(55, 'Kiskunfélegyháza', 89.90, 0.00, 'Rádió Smile', '', NULL, NULL),
(56, 'Debrecen', 90.00, 0.50, 'Friss Rádió', '', NULL, NULL),
(57, 'Várpalota', 90.00, 0.07, ' ', '', NULL, NULL),
(58, 'Nagykanizsa', 90.20, 8.30, 'Neo FM', 'Újudvar. Tukora ', NULL, NULL),
(59, 'Telkibánya', 90.20, 3.00, 'MR1-Kossuth Rádió', 'Nagy-hegy ', NULL, NULL),
(60, 'Orosháza', 90.20, 0.10, 'Rádió 1 Orosháza', '', NULL, NULL),
(61, 'Sárszentlőrinc', 90.30, 3.00, 'MR2-Petőfi Rádió', 'Úzd ', NULL, NULL),
(62, 'Szeged', 90.30, 0.60, 'Neo FM', '', NULL, NULL),
(63, 'Budapest', 90.30, 0.40, 'Tilos Rádió', 'Változó', NULL, NULL),
(64, 'Berettyóújfalu', 90.30, 0.10, 'Rádió Plusz', '', NULL, NULL),
(65, 'Miskolc', 90.40, 0.10, 'Európa Rádió', 'Pereces ', NULL, NULL),
(66, 'Záhony', 90.40, 0.20, 'Európa Rádió Záhony', '', NULL, NULL),
(67, 'Szolnok', 90.40, 0.20, 'Rádió 2000', '', NULL, NULL),
(68, 'Velence', 90.40, 0.10, 'Gondola Rádió', 'Meleg-hegy ', NULL, NULL),
(69, 'Komárom', 90.50, 0.80, 'Kék Duna Rádió', '', NULL, NULL),
(70, 'Gyula', 90.50, 0.25, 'Juventus Rádió', '', NULL, NULL),
(71, 'Veszprém', 90.60, 1.25, 'Klubrádió', '', NULL, NULL),
(72, 'Sátoraljaújhely', 90.60, 1.00, 'Szent István Rádió', 'Magas-hegy ', NULL, NULL),
(73, 'Pécs', 90.60, 0.25, 'Rádió 1', 'Kertváros ', NULL, NULL),
(74, 'Kékes', 90.70, 28.20, 'MR3-Bartók Rádió', '', NULL, NULL),
(75, 'Hódmezővásárhely', 90.80, 0.10, 'MR1-Kossuth Rádió', '', NULL, NULL),
(76, 'Hódmezővásárhely', 90.80, 0.00, 'MR1-Kossuth Rádió', '', NULL, NULL),
(77, 'Budapest', 90.90, 0.20, '90.9 Jazzy', 'Sas-hegy ', NULL, NULL),
(78, 'Győr', 91.00, 0.01, 'István Király Rádió', 'Bácsa ', NULL, NULL),
(79, 'Nyíregyháza', 91.10, 0.50, ' ', '', NULL, NULL),
(80, 'Szekszárd', 91.10, 0.45, 'Alisca Rádió', '', NULL, NULL),
(81, 'Szentendre', 91.10, 0.20, 'SUNSHINE Rádió Pilis', 'Pismány-hegy ', NULL, NULL),
(82, 'Kiskunfélegyháza', 91.10, 0.10, 'Sirius Rádió', '', NULL, NULL),
(83, 'Kaposvár', 91.20, 0.10, 'Enjoy Rádió', '', NULL, NULL),
(84, 'Dunaújváros', 91.30, 0.10, 'MR1-Kossuth Rádió', '', NULL, NULL),
(85, 'Debrecen', 91.40, 1.20, 'MR6-A Régió Rádiója - Debrecen', 'Pallag ', NULL, NULL),
(86, 'Komló', 91.40, 0.05, 'Mária Rádió', '', NULL, NULL),
(87, 'Sellye', 91.40, 0.00, 'Domb Rádió Sellye', '', NULL, NULL),
(88, 'Szerencs', 91.40, 0.00, 'Diák Rádió Szerencs', '', NULL, NULL),
(89, 'Győr', 91.50, 1.00, 'Kék Duna Rádió', 'Szabadhegy ', NULL, NULL),
(90, 'Vasvár', 91.60, 6.80, 'Neo FM', 'Hegyhátsál ', NULL, NULL),
(91, 'Szentes', 91.60, 1.00, 'MR1-Kossuth Rádió', '', NULL, NULL),
(92, 'Cece', 91.60, 1.00, 'Fortuna Rádió', '', NULL, NULL),
(93, 'Kiskőrös', 91.70, 1.20, 'Kunság Rádió', '', NULL, NULL),
(94, 'Pécel', 91.70, 0.10, 'Mária Rádió', '', NULL, NULL),
(95, 'Eger', 91.80, 0.50, 'Szent István Rádió', 'Nagy-Eged ', NULL, NULL),
(96, 'Balatonfüred', 91.80, 0.20, 'Klubrádió', '', NULL, NULL),
(97, 'Püspökladány', 91.80, 0.16, 'MR1-Kossuth Rádió', '', NULL, NULL),
(98, 'Sátoraljaújhely', 91.90, 1.00, 'MR1-Kossuth Rádió', 'Magas-hegy ', NULL, NULL),
(99, 'Edelény', 91.90, 0.00, 'Diák Rádió Edelény', '', NULL, NULL),
(100, 'Paks', 92.00, 0.10, 'MR1-Kossuth Rádió', '', NULL, NULL),
(101, 'Budapest', 92.10, 1.00, 'BBC-RFI', 'Széchenyi-hegy ', NULL, NULL),
(102, 'Szolnok', 92.20, 0.10, 'Aktív Rádió', '', NULL, NULL),
(103, 'Keszthely', 92.20, 0.10, 'Klubrádió', '', NULL, NULL),
(104, 'Baja', 92.20, 0.04, 'SuGo Rádió', '', NULL, NULL),
(105, 'Székesfehérvár', 92.30, 1.00, 'MR1-Kossuth Rádió', 'Sóstó ', NULL, NULL),
(106, 'Debrecen', 92.30, 0.30, 'Rádió 1', '', NULL, NULL),
(107, 'Miskolc', 92.40, 0.00, 'Diósgyőr Rádió', 'Diósgyőr ', NULL, NULL),
(108, 'Százhalombatta', 92.40, 0.00, 'Rádió Egy 100', '', NULL, NULL),
(109, 'Erdőkertes', 92.40, 0.00, 'Zöld Rádió', '', NULL, NULL),
(110, 'Füzesabony', 92.40, 0.00, 'Rádió Füzes', '', NULL, NULL),
(111, 'Kazincbarcika', 92.40, 0.00, 'Diák Rádió Kazincbarcika', '', NULL, NULL),
(112, 'Aszaló', 92.40, 0.00, 'Hernád Völgye Rádió', '', NULL, NULL),
(113, 'Miskolc', 92.40, 0.00, 'Rádió Eper', '', NULL, NULL),
(114, 'Hatvan', 92.40, 0.00, 'Zagyvan Rádió', '', NULL, NULL),
(115, 'Cegléd', 92.50, 0.32, 'Cegléd Rádió 88', '', NULL, NULL),
(116, 'Esztergom', 92.50, 0.10, 'Kék Duna Rádió Győr', 'Elő-hegy ', NULL, NULL),
(117, 'Siófok', 92.60, 1.00, 'Juventus Rádió', '', NULL, NULL),
(118, 'Tokaj', 92.70, 50.00, 'MR2-Petőfi Rádió', 'Nagy-kopasz ', NULL, NULL),
(119, 'Pápa', 92.70, 0.10, 'Klubrádió', '', NULL, NULL),
(120, 'Bonyhád', 92.80, 0.25, 'Tamási Rádió', '', NULL, NULL),
(121, 'Budapest', 92.90, 5.00, 'Magyar Katolikus Rádió', 'Gellért-hegy ', NULL, NULL),
(122, 'Kiskunhalas', 92.90, 0.05, 'Party FM 92.9 Rádió', '', NULL, NULL),
(123, 'Zalaegerszeg', 92.90, 0.10, 'Rádió Egerszeg', '', NULL, NULL),
(124, 'Cegléd', 93.00, 1.00, 'MR1-Kossuth Rádió', '', NULL, NULL),
(125, 'Szombathely', 93.00, 0.10, 'MR1-Kossuth Rádió', '', NULL, NULL),
(126, 'Győr', 93.10, 7.50, 'MR2-Petőfi Rádió', 'Szabad-hegy ', NULL, NULL),
(127, 'Szeged', 93.10, 0.76, 'MR6-A Régió Rádiója - Szeged', '', NULL, NULL),
(128, 'Dunaújváros', 93.10, 0.10, 'EL-DO Rádió', '', NULL, NULL),
(129, 'Ajka', 93.20, 0.30, ' ', '', NULL, NULL),
(130, 'Hajdúnánás', 93.30, 0.15, 'Rádió FM 95 Hajdúnánás', '', NULL, NULL),
(131, 'Dabas', 93.40, 1.00, 'Dabas Rádió', '', NULL, NULL),
(132, 'Kisvárda', 93.40, 0.20, 'Vár FM Kisvárda', '', NULL, NULL),
(133, 'Debrecen', 93.50, 1.00, 'Klubrádió Debrecen', '', NULL, NULL),
(134, 'Budapest', 93.50, 0.00, 'Fúzió Rádió', 'Újbuda', NULL, NULL),
(135, 'Etyek', 93.50, 0.00, 'Kolumbusz Rádió', 'Botpuszta ', NULL, NULL),
(136, 'Csobánka', 93.50, 0.00, 'Csobán Rádió', '', NULL, NULL),
(137, 'Szikszó', 93.60, 5.00, 'Rádió Express 93.6', '', NULL, NULL),
(138, 'Siófok', 93.60, 3.00, 'MR1-Kossuth Rádió', 'Balatonszabadi-Sóstó ', NULL, NULL),
(139, 'Nagykőrös', 93.60, 0.10, 'Arany Rádió', '', NULL, NULL),
(140, 'Nagykőrös', 93.60, 0.10, 'Gong Rádió Nagykőrös', '', NULL, NULL),
(141, 'Gödöllő', 93.60, 0.10, 'Pelikán Rádió', '', NULL, NULL),
(142, 'Balassagyarmat', 93.70, 2.50, 'MR1-Kossuth Rádió', 'Szügy-Dezsőpuszta ', NULL, NULL),
(143, 'Heves', 93.70, 0.10, 'Diórádió', '', NULL, NULL),
(144, 'Budapest', 93.70, 0.00, 'Csillaghang Rádió', 'Budafok', NULL, NULL),
(145, 'Mohács', 93.80, 0.40, 'Baranya Rádió', '', NULL, NULL),
(146, 'Karcag', 93.80, 0.20, ' ', '', NULL, NULL),
(147, 'Kab-hegy', 93.90, 65.60, 'MR2-Petőfi Rádió', '', NULL, NULL),
(148, 'Bonyhád', 94.00, 0.80, 'Fortuna Rádió', '', NULL, NULL),
(149, 'Hatvan', 94.00, 0.32, 'Szent István Rádió', '', NULL, NULL),
(150, 'Sopron', 94.10, 0.50, 'Nap Rádió', 'Dalos-hegy ', NULL, NULL),
(151, 'Vác', 94.10, 0.10, 'Mária Rádió', 'Sződliget ', NULL, NULL),
(152, 'Solt', 94.10, 0.50, 'Gong Rádió Solt', '', NULL, NULL),
(153, 'Budapest', 94.20, 0.10, 'Mária Rádió', 'Sas-hegy ', NULL, NULL),
(154, 'Makó', 94.20, 0.00, 'Rádió Ice', '', NULL, NULL),
(155, 'Szeged', 94.20, 0.00, 'Tisza Rádió', '', NULL, NULL),
(156, 'Nagykanizsa', 94.30, 12.00, 'MR2-Petőfi Rádió', 'Újudvar', NULL, NULL),
(157, 'Szolnok', 94.30, 6.30, 'MR1-Kossuth Rádió', '', NULL, NULL),
(158, 'Baja', 94.30, 0.05, 'Alisca Rádió', '', NULL, NULL),
(159, 'Debrecen', 94.40, 1.00, 'Gold FM Debrecen', '', NULL, NULL),
(160, 'Békés', 94.40, 0.07, 'Torony Rádió', '', NULL, NULL),
(161, 'Kapuvár', 94.50, 0.12, 'Juventus Rádió Kapuvár', '', NULL, NULL),
(162, 'Székesfehérvár', 94.50, 0.10, 'Fehérvár Rádió', 'Öreghegy ', NULL, NULL),
(163, 'Aggtelek', 94.60, 3.00, 'MR1-Kossuth Rádió', 'Szár-hegy ', NULL, NULL),
(164, 'Veszprém', 94.60, 0.10, 'Rádió 1', '', NULL, NULL),
(165, 'Pécs', 94.60, 0.10, 'Mária Rádió', '', NULL, NULL),
(166, 'Derecske', 94.70, 0.10, 'Rádió Plusz', '', NULL, NULL),
(167, 'Budapest', 94.80, 77.60, 'MR2-Petőfi Rádió', 'Széchenyi-hegy ', NULL, NULL),
(168, 'Letenye', 94.80, 0.15, 'N-Joy 94.8 Letenye', '', NULL, NULL),
(169, 'Szeged', 94.90, 0.60, 'Klassz Rádió ', '', NULL, NULL),
(170, 'Debrecen', 95.00, 0.50, 'Rádió FM 95', '', NULL, NULL),
(171, 'Mosonmagyaróvár', 95.00, 1.00, 'MR1-Kossuth Rádió', '', NULL, NULL),
(172, 'Bácsalmás', 95.00, 0.10, 'MR1-Kossuth Rádió', '', NULL, NULL),
(173, 'Csengőd', 95.10, 1.74, 'MR2-Petőfi Rádió', 'Kiskőrös ', NULL, NULL),
(174, 'Miskolc', 95.10, 1.00, 'Szent István Rádió', 'Pereces ', NULL, NULL),
(175, 'Sárospatak', 95.10, 0.00, 'Karzat Rádió Sárospatak', '', NULL, NULL),
(176, 'Szarvas', 95.20, 0.10, 'Juventus Rádió Szarvas', '', NULL, NULL),
(177, 'Budapest', 95.30, 0.93, 'Klubrádió', 'Széchenyi-hegy ', NULL, NULL),
(178, 'Szeged', 95.40, 1.00, 'Rádió 88', '', NULL, NULL),
(179, 'Encs', 95.40, 5.00, 'Rádió Express 95.4', '', NULL, NULL),
(180, 'Kékes', 95.50, 20.00, 'Neo FM', '', NULL, NULL),
(181, 'Debrecen', 95.60, 0.91, 'Rádió FUN', '', NULL, NULL),
(182, 'Nagykanizsa', 95.60, 0.13, 'Kanizsa Rádió', 'Újudvar', NULL, NULL),
(183, 'Veszprém', 95.60, 0.10, 'MR1-Kossuth Rádió', '', NULL, NULL),
(184, 'Balassagyarmat', 95.70, 1.00, 'Gazdasági Rádió 95.7', '', NULL, NULL),
(185, 'Szentes', 95.70, 0.20, 'Rádió Plusz', '', NULL, NULL),
(186, 'Budapest', 95.80, 2.00, 'Infó Rádió', 'Széchenyi-hegy ', NULL, NULL),
(187, 'Pécs', 95.90, 25.10, 'Neo FM', 'Misina-tető ', NULL, NULL),
(188, 'Kazincbarcika', 95.90, 0.20, 'Új Juventus', '', NULL, NULL),
(189, 'Gyula', 96.00, 0.25, 'MR1-Kossuth Rádió', '', NULL, NULL),
(190, 'Sárvár', 96.00, 0.20, 'MR1-Kossuth Rádió', '', NULL, NULL),
(191, 'Eger', 96.20, 0.10, 'MR1-Kossuth Rádió', '', NULL, NULL),
(192, 'Paks', 96.30, 0.30, 'Fortuna Rádió', '', NULL, NULL),
(193, 'Miskolc', 96.30, 0.25, 'Új Juventus', 'Avas ', NULL, NULL),
(194, 'Zalaegerszeg', 96.30, 0.00, 'Rádio Studio', '', NULL, NULL),
(195, 'Budapest', 96.40, 2.50, 'Roxy Rádió', 'Gellért-hegy ', NULL, NULL),
(196, 'Győr', 96.40, 0.58, 'Rádió 1', '', NULL, NULL),
(197, 'Törökszentmiklós', 96.40, 0.30, 'Rádió Törökszentmiklós', '', NULL, NULL),
(198, 'Pápa', 96.40, 0.10, 'MR1-Kossuth Rádió', '', NULL, NULL),
(199, 'Kecskemét', 96.50, 2.00, 'Gong Rádió', '', NULL, NULL),
(200, 'Sárvár', 96.50, 0.10, 'Isis Rádió', '', NULL, NULL),
(201, 'Sárbogárd', 96.60, 0.30, 'Yo! Rádió Sárbogard', '', NULL, NULL),
(202, 'Dunaharaszti', 96.60, 0.00, 'Haraszti Hangja Rádió', '', NULL, NULL),
(203, 'Komádi', 96.70, 37.10, 'MR2-Petőfi Rádió', '', NULL, NULL),
(204, 'Csávoly', 96.70, 6.30, 'Neo FM', '', NULL, NULL),
(205, 'Kaposvár', 96.70, 3.00, 'MR1-Kossuth Rádió', 'Rómahegy ', NULL, NULL),
(206, 'Tatabánya', 96.70, 0.30, 'Klubrádió', 'Árpád Hotel ', NULL, NULL),
(207, 'Sopron', 96.80, 8.90, 'Neo FM', 'Dalos-hegy ', NULL, NULL),
(208, 'Makó', 96.80, 0.20, 'Árkádia Rádió', '', NULL, NULL),
(209, 'Budapest', 96.80, 1.00, 'Rádió 17 Rákosmente', 'XVII. Kerület', NULL, NULL),
(210, 'Debrecen', 96.80, 0.00, 'Rádió Twist', '', NULL, NULL),
(211, 'Budapest', 97.00, 0.00, 'Első Pesti Egyetemi Rádió (EPER)', 'ELTE', NULL, NULL),
(212, 'Áporka', 97.00, 0.01, 'Kis-Duna Rádió', '', NULL, NULL),
(213, 'Miskolc', 97.10, 5.60, 'Neo FM', 'Avas ', NULL, NULL),
(214, 'Szombathely', 97.10, 0.20, 'Rádió Szombathely', '', NULL, NULL),
(215, 'Várpalota', 97.10, 0.50, 'Yo! Rádió', '', NULL, NULL),
(216, 'Pécs', 97.10, 0.00, 'Periszkóp Rádió', '', NULL, NULL),
(217, 'Kerepes', 97.10, 0.00, 'Kerepes Rádió', '', NULL, NULL),
(218, 'Gyömrő', 97.20, 0.05, 'Rádió Gyömrő 97.2 MHz', '', NULL, NULL),
(219, 'Gyömrő', 97.20, 0.05, 'Gong Rádió Gyömrő', '', NULL, NULL),
(220, 'Göd', 97.30, 1.25, 'Abszolút Rádió', '', NULL, NULL),
(221, 'Békéscsaba', 97.30, 1.00, 'MR1-Kossuth Rádió', '', NULL, NULL),
(222, 'Dunaföldvár', 97.40, 1.00, 'Rádió Antritt Dunaföldvár', '', NULL, NULL),
(223, 'Esztergom', 97.40, 0.20, ' ', '', NULL, NULL),
(224, 'Tokaj', 97.50, 50.10, 'Neo FM', 'Nagy-kopasz ', NULL, NULL),
(225, 'Kaposvár', 97.50, 0.15, 'K1 Rádió', '', NULL, NULL),
(226, 'Dabas', 97.50, 0.40, 'Mária Rádió', '', NULL, NULL),
(227, 'Hódmezővásárhely', 97.60, 0.80, 'Rádió 7 Hódmezővásárhely', '', NULL, NULL),
(228, 'Kecskemét', 97.70, 1.00, 'Klubrádió', '', NULL, NULL),
(229, 'Kazincbarcika', 97.70, 0.80, 'MR1-Kossuth Rádió', '', NULL, NULL),
(230, 'Jászberény', 97.70, 0.10, 'Rádió Jászberény', '', NULL, NULL),
(231, 'Felsőszölnök', 97.70, 0.10, 'Rádió Szentgotthárd/Monošter', 'Kakas-domb ', NULL, NULL),
(232, 'Tatabánya', 97.80, 0.10, 'Rádió Radír', 'Kő-hegy ', NULL, NULL),
(233, 'Karcag', 97.90, 10.00, 'MR1-Kossuth Rádió', '', NULL, NULL),
(234, 'Berettyóújfalu', 97.90, 0.01, 'Berettyó Rádió', '', NULL, NULL),
(235, 'Nyíregyháza', 97.90, 0.01, 'Campus Rádió', 'Jósaváros ', NULL, NULL),
(236, 'Téglás', 97.90, 0.00, '4-SSSS Rádió', '', NULL, NULL),
(237, 'Heves', 97.90, 0.00, 'Galaxis Rádió', '', NULL, NULL),
(238, 'Budapest', 98.00, 0.14, 'Civil Rádió', 'Lágymányos ', NULL, NULL),
(239, 'Hajdúböszörmény', 98.00, 0.00, 'Abakusz Rádió', '', NULL, NULL),
(240, 'Tiszavasvári', 98.00, 0.00, 'Best of Rádió', '', NULL, NULL),
(241, 'Esztergom', 98.10, 0.10, 'Klubrádió', 'Elő-hegy ', NULL, NULL),
(242, 'Vasvár', 98.20, 7.50, 'MR2-Petőfi Rádió', 'Hegyhátsál ', NULL, NULL),
(243, 'Túrkeve', 98.20, 0.10, 'MR1-Kossuth Rádió', '', NULL, NULL),
(244, 'Miskolc', 98.30, 5.60, 'Klassz Rádió ', 'Avas ', NULL, NULL),
(245, 'Vaja', 98.40, 0.05, 'HA-JÓ Rádió', '', NULL, NULL),
(246, 'Budapest', 98.60, 1.20, 'Rádió Café', 'Széchenyi-hegy ', NULL, NULL),
(247, 'Dombóvár', 98.70, 0.80, 'N-Joy 98.7 Dombóvár', '', NULL, NULL),
(248, 'Szentes', 98.80, 32.40, 'MR2-Petőfi Rádió', '', NULL, NULL),
(249, 'Szombathely', 98.80, 0.00, 'Berzsenyi Rádió', '', NULL, NULL),
(250, 'Celldömölk', 98.80, 0.00, 'Rádió Cell', '', NULL, NULL),
(251, 'Szigetvár', 98.90, 1.00, 'N-Joy 98.9 Szigetvár', '', NULL, NULL),
(252, 'Tihany', 98.90, 0.32, 'Rise FM', '', NULL, NULL),
(253, 'Hajdúböszörmény', 98.90, 0.35, 'Rádió Fun', '', NULL, NULL),
(254, 'Gyál', 98.90, 0.10, 'Mária Rádió', '', NULL, NULL),
(255, 'Miskolc', 98.90, 0.01, 'Rádió Avas', '', NULL, NULL),
(256, 'Ózd', 98.90, 0.01, 'Ózdi Diák Rádió', '', NULL, NULL),
(257, 'Rakamaz', 98.90, 0.00, 'Rakamaz FM', '', NULL, NULL),
(258, 'Szekszárd', 99.00, 0.50, 'MR1-Kossuth Rádió', '', NULL, NULL),
(259, 'Dunaújváros', 99.10, 0.10, 'Gerilla Rádió 99.1', '', NULL, NULL),
(260, 'Székesfehérvár', 99.20, 0.63, 'Vörösmarty Rádió', 'Öreghegy ', NULL, NULL),
(261, 'Nyíregyháza', 99.40, 0.10, 'SUNSHINE Rádió Nyíregyháza', '', NULL, NULL),
(262, 'Komló', 99.40, 0.25, 'Rádió 1', '', NULL, NULL),
(263, 'Szeghalom', 99.40, 0.20, 'MR1-Kossuth Rádió', '', NULL, NULL),
(264, 'Keszthely', 99.40, 0.10, 'Helikon Rádió', '', NULL, NULL),
(265, 'Sopron', 99.50, 8.90, 'MR2-Petőfi Rádió', 'Dalos-hegy ', NULL, NULL),
(266, 'Budapest', 99.50, 5.00, 'Rádió Q', 'Gellért-hegy ', NULL, NULL),
(267, 'Ózd', 99.50, 0.05, 'Új Juventus', '', NULL, NULL),
(268, 'Fehérgyarmat', 99.50, 0.20, ' ', '', NULL, NULL),
(269, 'Miskolc', 99.50, 0.00, 'Origó Rádió Miskolc', '', NULL, NULL),
(270, 'Kecel', 99.60, 1.25, 'Gong Rádió Kecel FM 99.6 MHz', '', NULL, NULL),
(271, 'Debrecen', 99.70, 1.38, 'MR1-Kossuth Rádió', 'Pallag ', NULL, NULL),
(272, 'Kékes', 99.80, 0.32, 'MR1-Kossuth Rádió', '', NULL, NULL),
(273, 'Körmend', 99.80, 0.40, 'Rádió 8 Körmend', '', NULL, NULL),
(274, 'Kaposvár', 99.90, 1.00, 'Kapos Rádió', '', NULL, NULL),
(275, 'Kalocsa', 100.00, 0.10, 'Korona Rádió Kalocsa', '', NULL, NULL),
(276, 'Sátoraljaújhely', 100.00, 0.94, 'Rádió Aktív FM 100.0 MHz', 'Magas-hegy ', NULL, NULL),
(277, 'Győr', 100.10, 0.57, ' ', '', NULL, NULL),
(278, 'Szeged', 100.20, 2.00, 'Rádió Plusz', '', NULL, NULL),
(279, 'Budapest', 100.30, 1.00, 'Lánchíd Rádió', 'SOTE ', NULL, NULL),
(280, 'Szentes', 100.40, 34.70, 'Neo FM', '', NULL, NULL),
(281, 'Salgótarján', 100.40, 0.10, 'Rádió Focus', '', NULL, NULL),
(282, 'Kab-hegy', 100.50, 67.60, 'Klassz Rádió ', '', NULL, NULL),
(283, 'Nyíregyháza', 100.50, 1.00, ' ', '', NULL, NULL),
(284, 'Telkibánya', 100.60, 3.00, 'Mária Rádió', '', NULL, NULL),
(285, 'Hajdúszoboszló', 100.60, 0.25, 'Rádió Fun', '', NULL, NULL),
(286, 'Eger', 100.70, 1.00, 'Gazdasági Rádió 100.7', '', NULL, NULL),
(287, 'Mosonmagyaróvár', 100.70, 0.10, 'Lajta Rádió', '', NULL, NULL),
(288, 'Budapest', 100.80, 79.40, 'Neo FM', 'Széchenyi-hegy ', NULL, NULL),
(289, 'Békéscsaba', 100.90, 0.25, 'Juventus Rádió Békéscsaba', '', NULL, NULL),
(290, 'Villány', 100.90, 0.10, 'Villány Rádió', '', NULL, NULL),
(291, 'Debrecen', 101.10, 1.00, 'Klassz Rádió ', 'Pallag ', NULL, NULL),
(292, 'Pécs', 101.20, 0.20, 'Mediterrán Rádió', '', NULL, NULL),
(293, 'Szolnok', 101.20, 2.00, 'MR6-A Régió Rádiója Debrecen', '', NULL, NULL),
(294, 'Érd', 101.30, 0.10, 'Rádió 6 FM 101.3', '', NULL, NULL),
(295, 'Eger', 101.30, 1.00, 'Rádió Eger', 'Almagyar-domb ', NULL, NULL),
(296, 'Fonyód', 101.30, 0.05, 'Juventus Rádió', '', NULL, NULL),
(297, 'Győr', 101.40, 7.60, 'Klassz Rádió ', 'Szabadhegy ', NULL, NULL),
(298, 'Budapest', 101.40, 0.00, 'Helló Rádió', 'XIV. kerület', NULL, NULL),
(299, 'Sárszentlőrinc', 101.50, 3.00, 'Neo FM', 'Úzd ', NULL, NULL),
(300, 'Komádi', 101.60, 21.90, 'Klassz Rádió ', '', NULL, NULL),
(301, 'Sopron', 101.60, 0.50, 'MR1-Kossuth Rádió', 'Dalos-hegy ', NULL, NULL),
(302, 'Pécs', 101.70, 2.00, 'MR6-A Régió Rádiója-Pécs', 'Misina-tető ', NULL, NULL),
(303, 'Gyöngyös', 101.70, 0.05, 'DióRádió', 'Sár-hegy ', NULL, NULL),
(304, 'Kistarcsa', 101.70, 0.00, 'Rádió Kistarcsa', '', NULL, NULL),
(305, 'Székesfehérvár', 101.80, 1.00, 'Rádió 1', 'Sóstó ', NULL, NULL),
(306, 'Tapolca', 101.80, 0.10, 'Yo! Rádió', '', NULL, NULL),
(307, 'Tokaj', 101.80, 0.10, 'Rádió Express 101.8', 'Nagy-kopasz ', NULL, NULL),
(308, 'Piliscsaba', 101.80, 0.00, 'Zöld hullám Rádió', '', NULL, NULL),
(309, 'Taksony', 101.80, 0.00, 'Taks Rádió', '', NULL, NULL),
(310, 'Szeged', 101.90, 2.00, 'MR1-Kossuth Rádió', '', NULL, NULL),
(311, 'Tamási', 101.90, 1.00, 'Tamási Rádió', '', NULL, NULL),
(312, 'Eger', 101.90, 0.16, 'Rádió 1', '', NULL, NULL),
(313, 'Sopron', 102.00, 22.40, 'Klassz Rádió ', 'Dalos-hegy ', NULL, NULL),
(314, 'Budapest', 102.10, 0.74, '102.1 Sztár Rádió', 'Széchenyi-hegy ', NULL, NULL),
(315, 'Mezőkövesd', 102.10, 0.50, 'Európa Rádió Mezőkövesd', '', NULL, NULL),
(316, 'Tiszakécske', 102.20, 0.50, 'Aktív Rádió', '', NULL, NULL),
(317, 'Kab-hegy', 102.30, 3.16, 'MR1-Kossuth Rádió', '', NULL, NULL),
(318, 'Miskolc', 102.30, 1.40, 'MR6-A Régió Rádiója-Miskolc', 'Avas ', NULL, NULL),
(319, 'Kunszentmiklós', 102.40, 0.00, 'MR1-Kossuth Rádió', '', NULL, NULL),
(320, 'Tatabánya', 102.50, 0.48, 'Gold FM Tatabánya', 'Árpád Hotel ', NULL, NULL),
(321, 'Nyíregyháza', 102.60, 0.30, 'MR1-Kossuth Rádió', '', NULL, NULL),
(322, 'Kaposvár', 102.60, 0.50, 'N-Joy 102.6 Kaposvár', '', NULL, NULL),
(323, 'Zalaegerszeg', 102.60, 0.10, 'MR1-Kossuth Rádió', 'Bazita ', NULL, NULL),
(324, 'Kékes', 102.70, 30.20, 'MR2-Petőfi Rádió', '', NULL, NULL),
(325, 'Barcs', 102.70, 0.95, 'Aqua Rádió Barcs', '', NULL, NULL),
(326, 'Kiskunhalas', 102.70, 0.10, 'MR1-Kossuth Rádió', '', NULL, NULL),
(327, 'Dunaújváros', 102.90, 0.50, 'Rádió 24', '', NULL, NULL),
(328, 'Székesfehérvár', 102.90, 0.00, 'FeZen Rádió', '', NULL, NULL),
(329, 'Komádi', 103.00, 38.90, 'Neo FM', '', NULL, NULL),
(330, 'Miskolc', 103.00, 1.00, 'Sztár FM', 'Avas ', NULL, NULL),
(331, 'Győr', 103.10, 0.10, 'OXYGEN FM', 'Erzsébetliget ', NULL, NULL),
(332, 'Kisújszállás', 103.20, 0.30, 'Európa Rádió Kisújszállás', '', NULL, NULL),
(333, 'Budapest', 103.30, 81.30, 'Klassz Rádió ', 'Széchenyi-hegy ', NULL, NULL),
(334, 'Tokaj', 103.50, 50.10, 'Klassz Rádió ', 'Nagy-kopasz ', NULL, NULL),
(335, 'Vasvár', 103.60, 5.00, 'MR1-Kossuth Rádió', 'Hegyhátsál ', NULL, NULL),
(336, 'Pécs', 103.70, 49.50, 'MR2-Petőfi Rádió', 'Misina-tető ', NULL, NULL),
(337, 'Miskolc', 103.80, 5.00, 'MR1-Kossuth Rádió', 'Avas ', NULL, NULL),
(338, 'Letenye', 103.80, 0.05, 'MR1-Kossuth Rádió', '', NULL, NULL),
(339, 'Budapest', 103.90, 5.00, 'Rádió 1', 'Gellért-hegy ', NULL, NULL),
(340, 'Nyíregyháza', 103.90, 1.00, 'Retro FM', '', NULL, NULL),
(341, 'Békéscsaba', 104.00, 1.00, 'Csaba Rádió', '', NULL, NULL),
(342, 'Piliscsaba', 104.20, 0.05, 'Mária Rádió', '', NULL, NULL),
(343, 'Szeged', 104.60, 5.10, 'MR2-Petőfi Rádió', '', NULL, NULL),
(344, 'Pécs', 104.60, 5.00, 'MR1-Kossuth Rádió', 'Misina-tető ', NULL, NULL),
(345, 'Debrecen', 104.60, 0.80, ' ', '', NULL, NULL),
(346, 'Sopron', 104.60, 0.60, 'Corvinus Rádió', 'Dalos-hegy ', NULL, NULL),
(347, 'Kékes', 104.70, 26.90, 'Klassz Rádió ', '', NULL, NULL),
(348, 'Nagykanizsa', 104.70, 20.40, 'MR3-Bartók Rádió', 'Újudvar. Tukora ', NULL, NULL),
(349, 'Budaörs', 104.80, 0.30, 'Budaörs Rádió', '', NULL, NULL),
(350, 'Kecskemét', 104.90, 1.00, 'MR1-Kossuth Rádió', '', NULL, NULL),
(351, 'Dömös', 104.90, 0.81, 'Mária Rádió', '', NULL, NULL),
(352, 'Kab-hegy', 105.00, 69.50, 'MR3-Bartók Rádió', '', NULL, NULL),
(353, 'Ózd', 105.00, 0.05, 'MR1-Kossuth Rádió', '', NULL, NULL),
(354, 'Komádi', 105.10, 30.00, 'MR3-Bartók Rádió', '', NULL, NULL),
(355, 'Szekszárd', 105.10, 0.78, 'Rádió Antritt', '', NULL, NULL),
(356, 'Rábaszentandrás', 105.20, 5.20, 'MR1-Kossuth Rádió', '', NULL, NULL),
(357, 'Budapest', 105.30, 81.30, 'MR3-Bartók Rádió', 'Széchenyi-hegy ', NULL, NULL),
(358, 'Battonya', 105.40, 0.05, 'MR1-Kossuth Rádió', '', NULL, NULL),
(359, 'Hódmezővásárhely', 105.40, 0.00, 'Rádió X', '', NULL, NULL),
(360, 'Szarvas', 105.40, 0.00, 'Rádió Szarvas', '', NULL, NULL),
(361, 'Pécs', 105.50, 50.10, 'Klassz Rádió ', 'Misina-tető ', NULL, NULL),
(362, 'Tokaj', 105.50, 50.00, 'MR3-Bartók Rádió', 'Nagy-kopasz ', NULL, NULL),
(363, 'Gerecse', 105.60, 10.00, 'MR1-Kossuth Rádió', '', NULL, NULL),
(364, 'Szeged', 105.70, 2.20, 'MR3-Bartók Rádió', '', NULL, NULL),
(365, 'Fehérgyarmat', 105.90, 5.00, 'MR1-Kossuth Rádió', 'Penyige ', NULL, NULL),
(366, 'Budapest', 105.90, 3.20, 'Gazdasági Rádió', 'Gellért-hegy ', NULL, NULL),
(367, 'Csengőd', 105.90, 3.00, 'MR3-Bartók Rádió', 'Kiskőrös ', NULL, NULL),
(368, 'Debrecen', 106.00, 0.74, 'Rádió Max', '', NULL, NULL),
(369, 'Szentes', 106.10, 0.10, 'Rádió Szentes', '', NULL, NULL),
(370, 'Balatonalmádi', 106.30, 0.20, 'Part Rádió', '', NULL, NULL),
(371, 'Monor', 106.30, 0.10, 'Mária Rádió', '', NULL, NULL),
(372, 'Győr', 106.40, 1.00, 'MR1-Kossuth Rádió', 'Szabadhegy ', NULL, NULL),
(373, 'Tiszakécske', 106.40, 0.05, 'MR1-Kossuth Rádió', '', NULL, NULL),
(374, 'Dunaföldvár', 106.50, 1.00, 'Alisca Rádió', '', NULL, NULL),
(375, 'Miskolc', 106.50, 1.00, 'Gold FM Miskolc', 'Avas ', NULL, NULL),
(376, 'Debrecen', 106.60, 1.00, 'MR3-Bartók Rádió', 'Pallag ', NULL, NULL),
(377, 'Szentgotthárd', 106.60, 0.10, 'Rádió Szentgotthárd', 'Zsida-hegy ', NULL, NULL),
(378, 'Nagykanizsa', 106.70, 5.00, 'MR1-Kossuth Rádió', 'Újudvar. Tukora ', NULL, NULL),
(379, 'Győr', 106.80, 7.40, 'MR3-Bartók Rádió', 'Szabadhegy ', NULL, NULL),
(380, 'Sárszentlőrinc', 106.90, 3.00, 'MR3-Bartók Rádió', 'Úzd ', NULL, NULL),
(381, 'Vasvár', 106.90, 3.00, 'MR3-Bartók Rádió', 'Hegyhátsál ', NULL, NULL),
(382, 'Eger', 106.90, 1.00, 'DióRádió FM 106.9', '', NULL, NULL),
(383, 'Tatabánya', 107.00, 0.28, 'Kék Duna Rádió Győr', 'Kő-hegy ', NULL, NULL),
(384, 'Kistelek', 107.00, 0.80, 'Rádió 7 Kistelek', '', NULL, NULL),
(385, 'Szigetszentmiklós', 107.00, 0.50, 'Lakihegy Rádió', '', NULL, NULL),
(386, 'Kab-hegy', 107.20, 70.80, 'Neo FM', '', NULL, NULL),
(387, 'Szentes', 107.30, 34.70, 'MR3-Bartók Rádió', '', NULL, NULL),
(388, 'Budapest', 107.30, 0.01, 'Cool FM', 'Gyáli út ', NULL, NULL),
(389, 'Veresegyház', 107.30, 0.00, 'Tavirózsa Rádió', '', NULL, NULL),
(390, 'Szombathely', 107.40, 0.50, ' ', '', NULL, NULL),
(391, 'Nyíregyháza', 107.40, 0.31, ' ', '', NULL, NULL),
(392, 'Tardos', 107.40, 0.00, 'Gorba Rádió', '', NULL, NULL),
(393, 'Miskolc', 107.50, 1.40, 'MR3-Bartók Rádió', 'Avas ', NULL, NULL),
(394, 'Paks', 107.50, 1.00, 'Alisca Rádió', '', NULL, NULL),
(395, 'Pécs', 107.60, 10.00, 'MR3-Bartók Rádió', 'Misina-tető ', NULL, NULL),
(396, 'Budapest', 107.80, 83.20, 'MR1-Kossuth Rádió', 'Széchenyi-hegy ', NULL, NULL),
(397, 'Sopron', 107.90, 6.90, 'MR3-Bartók Rádió', 'Dalos-hegy', NULL, NULL);

-- --------------------------------------------------------

--
-- Tábla szerkezet ehhez a táblához `towns`
--

CREATE TABLE `towns` (
  `name` varchar(191) NOT NULL,
  `county_name` varchar(255) NOT NULL,
  `created_at` timestamp NULL DEFAULT NULL,
  `updated_at` timestamp NULL DEFAULT NULL
) ENGINE=InnoDB DEFAULT CHARSET=utf8mb4 COLLATE=utf8mb4_unicode_ci;

--
-- A tábla adatainak kiíratása `towns`
--

INSERT INTO `towns` (`name`, `county_name`, `created_at`, `updated_at`) VALUES
('Aba', 'Fejér', NULL, NULL),
('Abádszalók', 'Jász-Nagykun-Szolnok', NULL, NULL),
('Abaújszántó', 'Borsod-Abaúj-Zemplén', NULL, NULL),
('Abony', 'Pest', NULL, NULL),
('Ács', 'Komárom-Esztergom', NULL, NULL),
('Adony', 'Fejér', NULL, NULL),
('Aggtelek', 'Borsod-Abaúj-Zemplén', NULL, NULL),
('Ajak', 'Szabolcs-Szatmár-Bereg', NULL, NULL),
('Ajka', 'Veszprém', NULL, NULL),
('Albertirsa', 'Pest', NULL, NULL),
('Algyő', 'Csongrád', NULL, NULL),
('Alsónémedi', 'Pest', NULL, NULL),
('Alsózsolca', 'Borsod-Abaúj-Zemplén', NULL, NULL),
('Áporka', 'Pest', NULL, NULL),
('Arló', 'Borsod-Abaúj-Zemplén', NULL, NULL),
('Aszaló', 'Borsod-Abaúj-Zemplén', NULL, NULL),
('Aszód', 'Pest', NULL, NULL),
('Bábolna', 'Komárom-Esztergom', NULL, NULL),
('Bácsalmás', 'Bács-Kiskun', NULL, NULL),
('Bácsbokod', 'Bács-Kiskun', NULL, NULL),
('Badacsonytomaj', 'Veszprém', NULL, NULL),
('Bag', 'Pest', NULL, NULL),
('Bagamér', 'Hajdú-Bihar', NULL, NULL),
('Baja', 'Bács-Kiskun', NULL, NULL),
('Baktalórántháza', 'Szabolcs-Szatmár-Bereg', NULL, NULL),
('Balassagyarmat', 'Nógrád', NULL, NULL),
('Balatonalmádi', 'Veszprém', NULL, NULL),
('Balatonboglár', 'Somogy', NULL, NULL),
('Balatonföldvár', 'Somogy', NULL, NULL),
('Balatonfüred', 'Veszprém', NULL, NULL),
('Balatonfűzfő', 'Veszprém', NULL, NULL),
('Balatonkenese', 'Veszprém', NULL, NULL),
('Balatonlelle', 'Somogy', NULL, NULL),
('Balatonszárszó', 'Somogy', NULL, NULL),
('Balkány', 'Szabolcs-Szatmár-Bereg', NULL, NULL),
('Balmazújváros', 'Hajdú-Bihar', NULL, NULL),
('Barcs', 'Somogy', NULL, NULL),
('Bátaszék', 'Tolna', NULL, NULL),
('Bátonyterenye', 'Nógrád', NULL, NULL),
('Battonya', 'Békés', NULL, NULL),
('Békés', 'Békés', NULL, NULL),
('Békéscsaba', 'Békés', NULL, NULL),
('Békésszentandrás', 'Békés', NULL, NULL),
('Bélapátfalva', 'Heves', NULL, NULL),
('Beled', 'Győr-Moson-Sopron', NULL, NULL),
('Beremend', 'Baranya', NULL, NULL),
('Berettyóújfalu', 'Hajdú-Bihar', NULL, NULL),
('Berhida', 'Veszprém', NULL, NULL),
('Berzence', 'Somogy', NULL, NULL),
('Biatorbágy', 'Pest', NULL, NULL),
('Bicske', 'Fejér', NULL, NULL),
('Biharkeresztes', 'Hajdú-Bihar', NULL, NULL),
('Bodajk', 'Fejér', NULL, NULL),
('Bóly', 'Baranya', NULL, NULL),
('Bonyhád', 'Tolna', NULL, NULL),
('Borsodnádasd', 'Borsod-Abaúj-Zemplén', NULL, NULL),
('Bősárkány', 'Győr-Moson-Sopron', NULL, NULL),
('Budakalász', 'Pest', NULL, NULL),
('Budakeszi', 'Pest', NULL, NULL),
('Budaörs', 'Pest', NULL, NULL),
('Budapest', 'Budapest', NULL, NULL),
('Bugac', 'Bács-Kiskun', NULL, NULL),
('Bugyi', 'Pest', NULL, NULL),
('Bük', 'Vas', NULL, NULL),
('Cece', 'Fejér', NULL, NULL),
('Cegléd', 'Pest', NULL, NULL),
('Celldömölk', 'Vas', NULL, NULL),
('Cibakháza', 'Jász-Nagykun-Szolnok', NULL, NULL),
('Cigánd', 'Borsod-Abaúj-Zemplén', NULL, NULL),
('Csabacsűd', 'Békés', NULL, NULL),
('Csákvár', 'Fejér', NULL, NULL),
('Csanádpalota', 'Csongrád', NULL, NULL),
('Csávoly', 'Bács-Kiskun', NULL, NULL),
('Csenger', 'Szabolcs-Szatmár-Bereg', NULL, NULL),
('Csengőd', 'Bács-Kiskun', NULL, NULL),
('Csepreg', 'Vas', NULL, NULL),
('Csobánka', 'Pest', NULL, NULL),
('Csökmő', 'Hajdú-Bihar', NULL, NULL),
('Csömör', 'Pest', NULL, NULL),
('Csongrád', 'Csongrád', NULL, NULL),
('Csorna', 'Győr-Moson-Sopron', NULL, NULL),
('Csorvás', 'Békés', NULL, NULL),
('Csurgó', 'Somogy', NULL, NULL),
('Dabas', 'Pest', NULL, NULL),
('Debrecen', 'Hajdú-Bihar', NULL, NULL),
('Decs', 'Tolna', NULL, NULL),
('Demecser', 'Szabolcs-Szatmár-Bereg', NULL, NULL),
('Derecske', 'Hajdú-Bihar', NULL, NULL),
('Dévaványa', 'Békés', NULL, NULL),
('Devecser', 'Veszprém', NULL, NULL),
('Doboz', 'Békés', NULL, NULL),
('Dombegyház', 'Békés', NULL, NULL),
('Dombóvár', 'Tolna', NULL, NULL),
('Dombrád', 'Szabolcs-Szatmár-Bereg', NULL, NULL),
('Dömös', 'Komárom-Esztergom', NULL, NULL),
('Dömsöd', 'Pest', NULL, NULL),
('Dorog', 'Komárom-Esztergom', NULL, NULL),
('Dunaföldvár', 'Tolna', NULL, NULL),
('Dunaharaszti', 'Pest', NULL, NULL),
('Dunakeszi', 'Pest', NULL, NULL),
('Dunapataj', 'Bács-Kiskun', NULL, NULL),
('Dunaújváros', 'Fejér', NULL, NULL),
('Dunavarsány', 'Pest', NULL, NULL),
('Dunavecse', 'Bács-Kiskun', NULL, NULL),
('Edelény', 'Borsod-Abaúj-Zemplén', NULL, NULL),
('Eger', 'Heves', NULL, NULL),
('Egyek', 'Hajdú-Bihar', NULL, NULL),
('Elek', 'Békés', NULL, NULL),
('Előszállás', 'Fejér', NULL, NULL),
('Emőd', 'Borsod-Abaúj-Zemplén', NULL, NULL),
('Encs', 'Borsod-Abaúj-Zemplén', NULL, NULL),
('Enying', 'Fejér', NULL, NULL),
('Ercsi', 'Fejér', NULL, NULL),
('Érd', 'Pest', NULL, NULL),
('Erdőkertes', 'Pest', NULL, NULL),
('Esztergom', 'Komárom-Esztergom', NULL, NULL),
('Etyek', 'Fejér', NULL, NULL),
('Fadd', 'Tolna', NULL, NULL),
('Fegyvernek', 'Jász-Nagykun-Szolnok', NULL, NULL),
('Fehérgyarmat', 'Szabolcs-Szatmár-Bereg', NULL, NULL),
('Felsőszölnök', 'Vas', NULL, NULL),
('Felsőzsolca', 'Borsod-Abaúj-Zemplén', NULL, NULL),
('Fertőd', 'Győr-Moson-Sopron', NULL, NULL),
('Fertőszentmiklós', 'Győr-Moson-Sopron', NULL, NULL),
('Földes', 'Hajdú-Bihar', NULL, NULL),
('Fonyód', 'Somogy', NULL, NULL),
('Fót', 'Pest', NULL, NULL),
('Füzesabony', 'Heves', NULL, NULL),
('Füzesgyarmat', 'Békés', NULL, NULL),
('Gádoros', 'Békés', NULL, NULL),
('Gárdony', 'Fejér', NULL, NULL),
('Gávavencsellő', 'Szabolcs-Szatmár-Bereg', NULL, NULL),
('Gerecse', 'Komárom-Esztergom', NULL, NULL),
('Göd', 'Pest', NULL, NULL),
('Gödöllő', 'Pest', NULL, NULL),
('Gönc', 'Borsod-Abaúj-Zemplén', NULL, NULL),
('Gyál', 'Pest', NULL, NULL),
('Gyenesdiás', 'Zala', NULL, NULL),
('Gyomaendrőd', 'Békés', NULL, NULL),
('Gyömrő', 'Pest', NULL, NULL),
('Gyöngyös', 'Heves', NULL, NULL),
('Gyönk', 'Tolna', NULL, NULL),
('Győr', 'Győr-Moson-Sopron', NULL, NULL),
('Gyula', 'Békés', NULL, NULL),
('Hajdúböszörmény', 'Hajdú-Bihar', NULL, NULL),
('Hajdúdorog', 'Hajdú-Bihar', NULL, NULL),
('Hajdúhadház', 'Hajdú-Bihar', NULL, NULL),
('Hajdúnánás', 'Hajdú-Bihar', NULL, NULL),
('Hajdúsámson', 'Hajdú-Bihar', NULL, NULL),
('Hajdúszoboszló', 'Hajdú-Bihar', NULL, NULL),
('Hajós', 'Bács-Kiskun', NULL, NULL),
('Halásztelek', 'Pest', NULL, NULL),
('Harkány', 'Baranya', NULL, NULL),
('Harta', 'Bács-Kiskun', NULL, NULL),
('Hatvan', 'Heves', NULL, NULL),
('Hegyeshalom', 'Győr-Moson-Sopron', NULL, NULL),
('Herend', 'Veszprém', NULL, NULL),
('Heves', 'Heves', NULL, NULL),
('Hévíz', 'Zala', NULL, NULL),
('Hodász', 'Szabolcs-Szatmár-Bereg', NULL, NULL),
('Hódmezővásárhely', 'Csongrád', NULL, NULL),
('Hőgyész', 'Tolna', NULL, NULL),
('Hosszúpályi', 'Hajdú-Bihar', NULL, NULL),
('Ibrány', 'Szabolcs-Szatmár-Bereg', NULL, NULL),
('Igal', 'Somogy', NULL, NULL),
('Isaszeg', 'Pest', NULL, NULL),
('Izsák', 'Bács-Kiskun', NULL, NULL),
('Izsófalva', 'Borsod-Abaúj-Zemplén', NULL, NULL),
('Jánoshalma', 'Bács-Kiskun', NULL, NULL),
('Jánosháza', 'Vas', NULL, NULL),
('Jánossomorja', 'Győr-Moson-Sopron', NULL, NULL),
('Jászapáti', 'Jász-Nagykun-Szolnok', NULL, NULL),
('Jászárokszállás', 'Jász-Nagykun-Szolnok', NULL, NULL),
('Jászberény', 'Jász-Nagykun-Szolnok', NULL, NULL),
('Jászfényszaru', 'Jász-Nagykun-Szolnok', NULL, NULL),
('Jászkisér', 'Jász-Nagykun-Szolnok', NULL, NULL),
('Jászladány', 'Jász-Nagykun-Szolnok', NULL, NULL),
('Kab-hegy', 'Veszprém', NULL, NULL),
('Kaba', 'Hajdú-Bihar', NULL, NULL),
('Kadarkút', 'Somogy', NULL, NULL),
('Kál', 'Heves', NULL, NULL),
('Kállósemjén', 'Szabolcs-Szatmár-Bereg', NULL, NULL),
('Kalocsa', 'Bács-Kiskun', NULL, NULL),
('Kaposvár', 'Somogy', NULL, NULL),
('Kapuvár', 'Győr-Moson-Sopron', NULL, NULL),
('Karcag', 'Jász-Nagykun-Szolnok', NULL, NULL),
('Kartal', 'Pest', NULL, NULL),
('Kazincbarcika', 'Borsod-Abaúj-Zemplén', NULL, NULL),
('Kecel', 'Bács-Kiskun', NULL, NULL),
('Kecskemét', 'Bács-Kiskun', NULL, NULL),
('Kékes', 'Heves', NULL, NULL),
('Kemecse', 'Szabolcs-Szatmár-Bereg', NULL, NULL),
('Kenderes', 'Jász-Nagykun-Szolnok', NULL, NULL),
('Kerekegyháza', 'Bács-Kiskun', NULL, NULL),
('Kerepes', 'Pest', NULL, NULL),
('Keszthely', 'Zala', NULL, NULL),
('Kétegyháza', 'Békés', NULL, NULL),
('Kevermes', 'Békés', NULL, NULL),
('Kisbér', 'Komárom-Esztergom', NULL, NULL),
('Kisköre', 'Heves', NULL, NULL),
('Kiskőrös', 'Bács-Kiskun', NULL, NULL),
('Kiskunfélegyháza', 'Bács-Kiskun', NULL, NULL),
('Kiskunhalas', 'Bács-Kiskun', NULL, NULL),
('Kiskunlacháza', 'Pest', NULL, NULL),
('Kiskunmajsa', 'Bács-Kiskun', NULL, NULL),
('Kistarcsa', 'Pest', NULL, NULL),
('Kistelek', 'Csongrád', NULL, NULL),
('Kisújszállás', 'Jász-Nagykun-Szolnok', NULL, NULL),
('Kisvárda', 'Szabolcs-Szatmár-Bereg', NULL, NULL),
('Kölcse', 'Szabolcs-Szatmár-Bereg', NULL, NULL),
('Komádi', 'Hajdú-Bihar', NULL, NULL),
('Komárom', 'Komárom-Esztergom', NULL, NULL),
('Komló', 'Baranya', NULL, NULL),
('Kondoros', 'Békés', NULL, NULL),
('Körmend', 'Vas', NULL, NULL),
('Körösladány', 'Békés', NULL, NULL),
('Kőszeg', 'Vas', NULL, NULL),
('Kozármisleny', 'Baranya', NULL, NULL),
('Kunhegyes', 'Jász-Nagykun-Szolnok', NULL, NULL),
('Kunmadaras', 'Jász-Nagykun-Szolnok', NULL, NULL),
('Kunszentmárton', 'Jász-Nagykun-Szolnok', NULL, NULL),
('Kunszentmiklós', 'Bács-Kiskun', NULL, NULL),
('Lábatlan', 'Komárom-Esztergom', NULL, NULL),
('Lajoskomárom', 'Fejér', NULL, NULL),
('Lajosmizse', 'Bács-Kiskun', NULL, NULL),
('Lakitelek', 'Bács-Kiskun', NULL, NULL),
('Leányfalu', 'Pest', NULL, NULL),
('Lébény', 'Győr-Moson-Sopron', NULL, NULL),
('Lengyeltóti', 'Somogy', NULL, NULL),
('Lenti', 'Zala', NULL, NULL),
('Lepsény', 'Fejér', NULL, NULL),
('Létavértes', 'Hajdú-Bihar', NULL, NULL),
('Letenye', 'Zala', NULL, NULL),
('Levelek', 'Szabolcs-Szatmár-Bereg', NULL, NULL),
('Lőrinci', 'Heves', NULL, NULL),
('Maglód', 'Pest', NULL, NULL),
('Mágocs', 'Baranya', NULL, NULL),
('Makó', 'Csongrád', NULL, NULL),
('Mándok', 'Szabolcs-Szatmár-Bereg', NULL, NULL),
('Marcali', 'Somogy', NULL, NULL),
('Máriapócs', 'Szabolcs-Szatmár-Bereg', NULL, NULL),
('Mártély', 'Csongrád', NULL, NULL),
('Martfű', 'Jász-Nagykun-Szolnok', NULL, NULL),
('Martonvásár', 'Fejér', NULL, NULL),
('Mátészalka', 'Szabolcs-Szatmár-Bereg', NULL, NULL),
('Medgyesegyháza', 'Békés', NULL, NULL),
('Mélykút', 'Bács-Kiskun', NULL, NULL),
('Mérk', 'Szabolcs-Szatmár-Bereg', NULL, NULL),
('Mezőberény', 'Békés', NULL, NULL),
('Mezőcsát', 'Borsod-Abaúj-Zemplén', NULL, NULL),
('Mezőfalva', 'Fejér', NULL, NULL),
('Mezőhegyes', 'Békés', NULL, NULL),
('Mezőkeresztes', 'Borsod-Abaúj-Zemplén', NULL, NULL),
('Mezőkovácsháza', 'Békés', NULL, NULL),
('Mezőkövesd', 'Borsod-Abaúj-Zemplén', NULL, NULL),
('Mezőtúr', 'Jász-Nagykun-Szolnok', NULL, NULL),
('Mindszent', 'Csongrád', NULL, NULL),
('Miskolc', 'Borsod-Abaúj-Zemplén', NULL, NULL),
('Mogyoród', 'Pest', NULL, NULL),
('Mohács', 'Baranya', NULL, NULL),
('Monor', 'Pest', NULL, NULL),
('Mór', 'Fejér', NULL, NULL),
('Mórahalom', 'Csongrád', NULL, NULL),
('Mosonmagyaróvár', 'Győr-Moson-Sopron', NULL, NULL),
('Múcsony', 'Borsod-Abaúj-Zemplén', NULL, NULL),
('Nádudvar', 'Hajdú-Bihar', NULL, NULL),
('Nagyatád', 'Somogy', NULL, NULL),
('Nagybajom', 'Somogy', NULL, NULL),
('Nagycenk', 'Győr-Moson-Sopron', NULL, NULL),
('Nagydorog', 'Tolna', NULL, NULL),
('Nagyecsed', 'Szabolcs-Szatmár-Bereg', NULL, NULL),
('Nagyhalász', 'Szabolcs-Szatmár-Bereg', NULL, NULL),
('Nagyigmánd', 'Komárom-Esztergom', NULL, NULL),
('Nagykálló', 'Szabolcs-Szatmár-Bereg', NULL, NULL),
('Nagykanizsa', 'Zala', NULL, NULL),
('Nagykáta', 'Pest', NULL, NULL),
('Nagykőrös', 'Pest', NULL, NULL),
('Nagykovácsi', 'Pest', NULL, NULL),
('Nagymágocs', 'Csongrád', NULL, NULL),
('Nagymányok', 'Tolna', NULL, NULL),
('Nagymaros', 'Pest', NULL, NULL),
('Nagyrábé', 'Hajdú-Bihar', NULL, NULL),
('Nagyszénás', 'Békés', NULL, NULL),
('Nyékládháza', 'Borsod-Abaúj-Zemplén', NULL, NULL),
('Nyergesújfalu', 'Komárom-Esztergom', NULL, NULL),
('Nyírábrány', 'Hajdú-Bihar', NULL, NULL),
('Nyíradony', 'Hajdú-Bihar', NULL, NULL),
('Nyírbátor', 'Szabolcs-Szatmár-Bereg', NULL, NULL),
('Nyírbéltek', 'Szabolcs-Szatmár-Bereg', NULL, NULL),
('Nyírbogát', 'Szabolcs-Szatmár-Bereg', NULL, NULL),
('Nyíregyháza', 'Szabolcs-Szatmár-Bereg', NULL, NULL),
('Nyírlugos', 'Szabolcs-Szatmár-Bereg', NULL, NULL),
('Nyírmada', 'Szabolcs-Szatmár-Bereg', NULL, NULL),
('Nyírtelek', 'Szabolcs-Szatmár-Bereg', NULL, NULL),
('Ócsa', 'Pest', NULL, NULL),
('Öcsöd', 'Jász-Nagykun-Szolnok', NULL, NULL),
('Ököritófülpös', 'Szabolcs-Szatmár-Bereg', NULL, NULL),
('Onga', 'Borsod-Abaúj-Zemplén', NULL, NULL),
('Őrbottyán', 'Pest', NULL, NULL),
('Őriszentpéter', 'Vas', NULL, NULL),
('Örkény', 'Pest', NULL, NULL),
('Orosháza', 'Békés', NULL, NULL),
('Oroszlány', 'Komárom-Esztergom', NULL, NULL),
('Ózd', 'Borsod-Abaúj-Zemplén', NULL, NULL),
('Pacsa', 'Zala', NULL, NULL),
('Paks', 'Tolna', NULL, NULL),
('Pálháza', 'Borsod-Abaúj-Zemplén', NULL, NULL),
('Pannonhalma', 'Győr-Moson-Sopron', NULL, NULL),
('Pápa', 'Veszprém', NULL, NULL),
('Parád', 'Heves', NULL, NULL),
('Pásztó', 'Nógrád', NULL, NULL),
('Pécel', 'Pest', NULL, NULL),
('Pécs', 'Baranya', NULL, NULL),
('Pécsvárad', 'Baranya', NULL, NULL),
('Perkáta', 'Fejér', NULL, NULL),
('Pétervására', 'Heves', NULL, NULL),
('Pétfürdő', 'Veszprém', NULL, NULL),
('Pilis', 'Pest', NULL, NULL),
('Piliscsaba', 'Pest', NULL, NULL),
('Pilisvörösvár', 'Pest', NULL, NULL),
('Pincehely', 'Tolna', NULL, NULL),
('Pocsaj', 'Hajdú-Bihar', NULL, NULL),
('Polgár', 'Hajdú-Bihar', NULL, NULL),
('Polgárdi', 'Fejér', NULL, NULL),
('Pomáz', 'Pest', NULL, NULL),
('Porcsalma', 'Szabolcs-Szatmár-Bereg', NULL, NULL),
('Püspökladány', 'Hajdú-Bihar', NULL, NULL),
('Pusztaszabolcs', 'Fejér', NULL, NULL),
('Putnok', 'Borsod-Abaúj-Zemplén', NULL, NULL),
('Rábaszentandrás', 'Győr-Moson-Sopron', NULL, NULL),
('Rácalmás', 'Fejér', NULL, NULL),
('Ráckeve', 'Pest', NULL, NULL),
('Rakamaz', 'Szabolcs-Szatmár-Bereg', NULL, NULL),
('Rákóczifalva', 'Jász-Nagykun-Szolnok', NULL, NULL),
('Recsk', 'Heves', NULL, NULL),
('Répcelak', 'Vas', NULL, NULL),
('Rétság', 'Nógrád', NULL, NULL),
('Révfülöp', 'Veszprém', NULL, NULL),
('Ricse', 'Borsod-Abaúj-Zemplén', NULL, NULL),
('Rudabánya', 'Borsod-Abaúj-Zemplén', NULL, NULL),
('Sajóbábony', 'Borsod-Abaúj-Zemplén', NULL, NULL),
('Sajószentpéter', 'Borsod-Abaúj-Zemplén', NULL, NULL),
('Salgótarján', 'Nógrád', NULL, NULL),
('Sándorfalva', 'Csongrád', NULL, NULL),
('Sárbogárd', 'Fejér', NULL, NULL),
('Sarkad', 'Békés', NULL, NULL),
('Sárosd', 'Fejér', NULL, NULL),
('Sárospatak', 'Borsod-Abaúj-Zemplén', NULL, NULL),
('Sárrétudvari', 'Hajdú-Bihar', NULL, NULL),
('Sárszentlőrinc', 'Tolna', NULL, NULL),
('Sárvár', 'Vas', NULL, NULL),
('Sásd', 'Baranya', NULL, NULL),
('Sátoraljaújhely', 'Borsod-Abaúj-Zemplén', NULL, NULL),
('Sellye', 'Baranya', NULL, NULL),
('Seregélyes', 'Fejér', NULL, NULL),
('Siklós', 'Baranya', NULL, NULL),
('Simontornya', 'Tolna', NULL, NULL),
('Siófok', 'Somogy', NULL, NULL),
('Solt', 'Bács-Kiskun', NULL, NULL),
('Soltvadkert', 'Bács-Kiskun', NULL, NULL),
('Solymár', 'Pest', NULL, NULL),
('Soponya', 'Fejér', NULL, NULL),
('Sopron', 'Győr-Moson-Sopron', NULL, NULL),
('Sükösd', 'Bács-Kiskun', NULL, NULL),
('Sülysáp', 'Pest', NULL, NULL),
('Sümeg', 'Veszprém', NULL, NULL),
('Szabadbattyán', 'Fejér', NULL, NULL),
('Szabadszállás', 'Bács-Kiskun', NULL, NULL),
('Szany', 'Győr-Moson-Sopron', NULL, NULL),
('Szarvas', 'Békés', NULL, NULL),
('Szászvár', 'Baranya', NULL, NULL),
('Százhalombatta', 'Pest', NULL, NULL),
('Szécsény', 'Nógrád', NULL, NULL),
('Szeged', 'Csongrád', NULL, NULL),
('Szeghalom', 'Békés', NULL, NULL),
('Szegvár', 'Csongrád', NULL, NULL),
('Székesfehérvár', 'Fejér', NULL, NULL),
('Szekszárd', 'Tolna', NULL, NULL),
('Szendrő', 'Borsod-Abaúj-Zemplén', NULL, NULL),
('Szentendre', 'Pest', NULL, NULL),
('Szentes', 'Csongrád', NULL, NULL),
('Szentgotthárd', 'Vas', NULL, NULL),
('Szentistván', 'Borsod-Abaúj-Zemplén', NULL, NULL),
('Szentlőrinc', 'Baranya', NULL, NULL),
('Szerencs', 'Borsod-Abaúj-Zemplén', NULL, NULL),
('Szigethalom', 'Pest', NULL, NULL),
('Szigetszentmiklós', 'Pest', NULL, NULL),
('Szigetvár', 'Baranya', NULL, NULL),
('Szikszó', 'Borsod-Abaúj-Zemplén', NULL, NULL),
('Szirmabesenyő', 'Borsod-Abaúj-Zemplén', NULL, NULL),
('Szob', 'Pest', NULL, NULL),
('Szolnok', 'Jász-Nagykun-Szolnok', NULL, NULL),
('Szombathely', 'Vas', NULL, NULL),
('Tab', 'Somogy', NULL, NULL),
('Taksony', 'Pest', NULL, NULL),
('Taktaharkány', 'Borsod-Abaúj-Zemplén', NULL, NULL),
('Tamási', 'Tolna', NULL, NULL),
('Tápiószecső', 'Pest', NULL, NULL),
('Tápiószele', 'Pest', NULL, NULL),
('Tápiószentmárton', 'Pest', NULL, NULL),
('Tapolca', 'Veszprém', NULL, NULL),
('Tardos', 'Komárom-Esztergom', NULL, NULL),
('Tárnok', 'Pest', NULL, NULL),
('Tarpa', 'Szabolcs-Szatmár-Bereg', NULL, NULL),
('Tát', 'Komárom-Esztergom', NULL, NULL),
('Tata', 'Komárom-Esztergom', NULL, NULL),
('Tatabánya', 'Komárom-Esztergom', NULL, NULL),
('Téglás', 'Hajdú-Bihar', NULL, NULL),
('Telkibánya', 'Borsod-Abaúj-Zemplén', NULL, NULL),
('Tét', 'Győr-Moson-Sopron', NULL, NULL),
('Tihany', 'Veszprém', NULL, NULL),
('Tiszaalpár', 'Bács-Kiskun', NULL, NULL),
('Tiszabecs', 'Szabolcs-Szatmár-Bereg', NULL, NULL),
('Tiszacsege', 'Hajdú-Bihar', NULL, NULL),
('Tiszadob', 'Szabolcs-Szatmár-Bereg', NULL, NULL),
('Tiszaföldvár', 'Jász-Nagykun-Szolnok', NULL, NULL),
('Tiszafüred', 'Jász-Nagykun-Szolnok', NULL, NULL),
('Tiszakécske', 'Bács-Kiskun', NULL, NULL),
('Tiszalök', 'Szabolcs-Szatmár-Bereg', NULL, NULL),
('Tiszalúc', 'Borsod-Abaúj-Zemplén', NULL, NULL),
('Tiszaújváros', 'Borsod-Abaúj-Zemplén', NULL, NULL),
('Tiszavasvári', 'Szabolcs-Szatmár-Bereg', NULL, NULL),
('Tokaj', 'Borsod-Abaúj-Zemplén', NULL, NULL),
('Tokod', 'Komárom-Esztergom', NULL, NULL),
('Tököl', 'Pest', NULL, NULL),
('Tolna', 'Tolna', NULL, NULL),
('Tompa', 'Bács-Kiskun', NULL, NULL),
('Törökbálint', 'Pest', NULL, NULL),
('Törökszentmiklós', 'Jász-Nagykun-Szolnok', NULL, NULL),
('Tótkomlós', 'Békés', NULL, NULL),
('Tura', 'Pest', NULL, NULL),
('Túrkeve', 'Jász-Nagykun-Szolnok', NULL, NULL),
('Tuzsér', 'Szabolcs-Szatmár-Bereg', NULL, NULL),
('Tyukod', 'Szabolcs-Szatmár-Bereg', NULL, NULL),
('Újfehértó', 'Szabolcs-Szatmár-Bereg', NULL, NULL),
('Újkígyós', 'Békés', NULL, NULL),
('Újszász', 'Jász-Nagykun-Szolnok', NULL, NULL),
('Üllő', 'Pest', NULL, NULL),
('Vác', 'Pest', NULL, NULL),
('Vaja', 'Szabolcs-Szatmár-Bereg', NULL, NULL),
('Vajszló', 'Baranya', NULL, NULL),
('Valkó', 'Pest', NULL, NULL),
('Vámospércs', 'Hajdú-Bihar', NULL, NULL),
('Várpalota', 'Veszprém', NULL, NULL),
('Vásárosnamény', 'Szabolcs-Szatmár-Bereg', NULL, NULL),
('Vasvár', 'Vas', NULL, NULL),
('Vecsés', 'Pest', NULL, NULL),
('Velence', 'Fejér', NULL, NULL),
('Vép', 'Vas', NULL, NULL),
('Veresegyház', 'Pest', NULL, NULL),
('Verpelét', 'Heves', NULL, NULL),
('Veszprém', 'Veszprém', NULL, NULL),
('Vésztő', 'Békés', NULL, NULL),
('Villány', 'Baranya', NULL, NULL),
('Visegrád', 'Pest', NULL, NULL),
('Vonyarcvashegy', 'Zala', NULL, NULL),
('Záhony', 'Szabolcs-Szatmár-Bereg', NULL, NULL),
('Zalaegerszeg', 'Zala', NULL, NULL),
('Zalakaros', 'Zala', NULL, NULL),
('Zalalövő', 'Zala', NULL, NULL),
('Zalaszentgrót', 'Zala', NULL, NULL),
('Zamárdi', 'Somogy', NULL, NULL),
('Zámoly', 'Fejér', NULL, NULL),
('Zirc', 'Veszprém', NULL, NULL),
('Zsáka', 'Hajdú-Bihar', NULL, NULL),
('Zsámbék', 'Pest', NULL, NULL);

-- --------------------------------------------------------

--
-- Tábla szerkezet ehhez a táblához `users`
--

CREATE TABLE `users` (
  `id` bigint(20) UNSIGNED NOT NULL,
  `name` varchar(255) NOT NULL,
  `email` varchar(255) NOT NULL,
  `email_verified_at` timestamp NULL DEFAULT NULL,
  `password` varchar(255) NOT NULL,
  `remember_token` varchar(100) DEFAULT NULL,
  `created_at` timestamp NULL DEFAULT NULL,
  `updated_at` timestamp NULL DEFAULT NULL,
  `role` varchar(255) NOT NULL DEFAULT 'user'
) ENGINE=InnoDB DEFAULT CHARSET=utf8mb4 COLLATE=utf8mb4_unicode_ci;

--
-- A tábla adatainak kiíratása `users`
--
--
-- Indexek a kiírt táblákhoz
--

--
-- A tábla indexei `counties`
--
ALTER TABLE `counties`
  ADD PRIMARY KEY (`name`);

--
--
-- A tábla indexei `messages`
--
ALTER TABLE `messages`
  ADD PRIMARY KEY (`id`),
  ADD KEY `messages_user_id_foreign` (`user_id`);


--
--
--
-- A tábla indexei `radios`
--
ALTER TABLE `radios`
  ADD PRIMARY KEY (`id`),
  ADD KEY `radios_town_name_foreign` (`town_name`);

--
-- A tábla indexei `towns`
--
ALTER TABLE `towns`
  ADD PRIMARY KEY (`name`),
  ADD KEY `towns_county_name_foreign` (`county_name`);

--
-- A tábla indexei `users`
--
ALTER TABLE `users`
  ADD PRIMARY KEY (`id`),
  ADD UNIQUE KEY `users_email_unique` (`email`);

--
-- A kiírt táblák AUTO_INCREMENT értéke
--
--
-- AUTO_INCREMENT a táblához `messages`
--
ALTER TABLE `messages`
  MODIFY `id` bigint(20) UNSIGNED NOT NULL AUTO_INCREMENT;

--
-- AUTO_INCREMENT a táblához `radios`
--
ALTER TABLE `radios`
  MODIFY `id` bigint(20) UNSIGNED NOT NULL AUTO_INCREMENT, AUTO_INCREMENT=398;

--
-- AUTO_INCREMENT a táblához `users`
--
ALTER TABLE `users`
  MODIFY `id` bigint(20) UNSIGNED NOT NULL AUTO_INCREMENT, AUTO_INCREMENT=2;

--
-- Megkötések a kiírt táblákhoz
--

--
-- Megkötések a táblához `messages`
--
ALTER TABLE `messages`
  ADD CONSTRAINT `messages_user_id_foreign` FOREIGN KEY (`user_id`) REFERENCES `users` (`id`) ON DELETE SET NULL;

--
-- Megkötések a táblához `radios`
--
ALTER TABLE `radios`
  ADD CONSTRAINT `radios_town_name_foreign` FOREIGN KEY (`town_name`) REFERENCES `towns` (`name`) ON DELETE CASCADE;

--
-- Megkötések a táblához `towns`
--
ALTER TABLE `towns`
  ADD CONSTRAINT `towns_county_name_foreign` FOREIGN KEY (`county_name`) REFERENCES `counties` (`name`) ON DELETE CASCADE;
COMMIT;

/*!40101 SET CHARACTER_SET_CLIENT=@OLD_CHARACTER_SET_CLIENT */;
/*!40101 SET CHARACTER_SET_RESULTS=@OLD_CHARACTER_SET_RESULTS */;
/*!40101 SET COLLATION_CONNECTION=@OLD_COLLATION_CONNECTION */;
